Index,latitude,longitude,brightness,scan,track,satellite,instrument,confidence,version,bright_t31,frp,daynight,hour,date,hourly_datetime,temperature,apparent_temperature,heat_index,precipitation,humidity,wind_speed,solar_radiation,cloudiness,wind_direction,Fire
1,30.8342,-110.8534,322,1.9,1.3,Aqua,MODIS,68,6.03,306.2,21.2,D,21:00:00,24/02/2016,24/02/2016 21:00,15.6,12.8,15.6,0,20,1.5,0,0,285.6,1
2,31.2519,-110.9623,313.8,1.1,1,Terra,MODIS,32,6.03,296.5,5.8,D,18:00:00,30/03/2016,30/03/2016 18:00,14.5,15.2,14.5,0,27.2,5,340.4,0.3,234.2,1
3,31.0972,-110.8965,325.5,1.4,1.2,Terra,MODIS,67,6.03,308.7,17.3,D,17:00:00,03/04/2016,03/04/2016 17:00,25.3,29,25.3,0,9.9,2.1,873.7,0,181.4,1
4,31.0988,-110.911,339.3,1.4,1.2,Terra,MODIS,86,6.03,310.5,46.8,D,17:00:00,03/04/2016,03/04/2016 17:00,25.3,29,25.3,0,9.9,2.1,873.7,0,81.6,1
5,30.7656,-110.8255,301.6,1,1,Aqua,MODIS,43,6.03,281.1,7.8,N,09:00:00,04/04/2016,04/04/2016 09:00,12.6,11.8,12.6,0,31.2,1.6,34.3,0,272.7,1
6,30.7745,-110.8238,300.4,1,1,Aqua,MODIS,27,6.03,281.1,7.2,N,09:00:00,04/04/2016,04/04/2016 09:00,12.6,11.8,12.6,0,31.2,1.6,34.3,0,352.4,1
7,30.9077,-110.693,323.4,2,1.4,Terra,MODIS,39,6.03,307.9,25.7,D,17:00:00,21/04/2016,21/04/2016 17:00,29.6,33.6,29.6,0,5.8,4.8,906.5,0,334.1,1
8,30.9098,-110.715,324.3,2.1,1.4,Terra,MODIS,50,6.03,306.6,30.2,D,17:00:00,21/04/2016,21/04/2016 17:00,29.6,33.6,29.6,0,5.8,4.8,906.5,0,316.1,1
9,31.3099,-111.0984,337.7,1,1,Aqua,MODIS,77,6.03,318.2,21.4,D,20:00:00,11/05/2016,11/05/2016 20:00,28.2,26.5,28.2,0,9.8,3.2,307.2,0,158,1
10,30.8771,-110.679,333.2,1.7,1.3,Aqua,MODIS,52,6.03,316,25.1,D,20:00:00,07/06/2016,07/06/2016 20:00,33,33.1,33,0,15.7,5.5,343.6,0,106.9,1
11,30.8931,-110.7062,335.4,1.7,1.3,Aqua,MODIS,67,6.03,316.4,38.1,D,20:00:00,07/06/2016,07/06/2016 20:00,33,33.1,33,0,15.7,5.5,343.6,0,198.3,1
12,30.8965,-110.7021,334.4,1.7,1.3,Aqua,MODIS,18,6.03,316.8,30.9,D,20:00:00,07/06/2016,07/06/2016 20:00,33,33.1,33,0,15.7,5.5,343.6,0,126.4,1
13,31.2518,-110.9614,326.5,1,1,Terra,MODIS,24,6.03,306,7.4,D,18:00:00,11/06/2016,11/06/2016 18:00,30.6,33.4,30.6,0,21.3,6,618.1,0,244.9,1
14,31.2353,-110.9477,336.5,1.6,1.2,Terra,MODIS,76,6.03,316.4,37.5,D,18:00:00,16/06/2016,16/06/2016 18:00,33.6,37.2,33.6,0,6.1,4.3,789.1,0,61.8,1
15,31.253,-110.9672,331.9,1.2,1.1,Aqua,MODIS,60,6.03,310.6,10.2,D,20:00:00,23/07/2016,23/07/2016 20:00,31.4,31.8,31.4,0,33.1,4.7,237.2,0,181.2,1
16,31.257,-110.9636,328.5,1,1,Terra,MODIS,43,6.03,309.4,5.8,D,18:00:00,29/07/2016,29/07/2016 18:00,34,37.9,34,0,31,3.8,560.2,0,55.4,1
17,31.2484,-110.9628,325.4,1.1,1,Terra,MODIS,50,6.03,304.9,12.6,D,18:00:00,05/08/2016,05/08/2016 18:00,30.3,34.3,30.3,0.05,38,2.4,552.7,0,172.2,1
18,31.2577,-110.9608,328,1.1,1,Terra,MODIS,70,6.03,304.9,16.2,D,18:00:00,05/08/2016,05/08/2016 18:00,30.3,34.3,30.3,0.05,38,2.4,552.7,0,20.6,1
19,31.2542,-110.97,328.6,1.2,1.1,Aqua,MODIS,33,6.03,308.1,10,D,20:00:00,08/08/2016,08/08/2016 20:00,31.3,31.2,31.3,0,30.7,1.4,209,0,36.3,1
20,31.2562,-110.962,323.3,1,1,Terra,MODIS,42,6.03,306.1,7.8,D,18:00:00,14/08/2016,14/08/2016 18:00,32.4,36.5,32.4,0,23.3,4,683.2,0,29,1
21,31.2556,-110.9629,322.5,1.3,1.1,Terra,MODIS,34,6.03,306.3,9,D,18:00:00,28/08/2016,28/08/2016 18:00,30.7,33.9,30.7,0,18.5,2.5,672.1,0,231.8,1
22,31.2585,-110.9652,318,1.1,1,Terra,MODIS,29,6.03,304.5,5.4,D,18:00:00,22/09/2016,22/09/2016 18:00,28,30.3,28,0,25.7,5.1,567.5,0,80.1,1
23,31.0443,-110.6363,302.5,1.3,1.1,Terra,MODIS,44,6.03,289.2,6.6,D,17:00:00,29/11/2016,29/11/2016 17:00,10.8,13.4,10.8,0,29.4,4.6,311.6,0,162.7,1
24,31.1305,-110.6568,313.2,1.6,1.3,Terra,MODIS,54,6.03,302,9.7,D,17:00:00,10/02/2017,10/02/2017 17:00,29,26.3,29,0,10.6,4.4,492.7,0,317.2,1
25,31.258,-110.9674,301.9,1.3,1.1,Terra,MODIS,9,6.03,288.1,3.5,D,18:00:00,20/02/2017,20/02/2017 18:00,17.8,17.3,17.8,0,38,4.4,315.8,0.1,258.3,1
26,31.2564,-110.9625,309.6,1,1,Terra,MODIS,13,6.03,296.1,3.2,D,18:00:00,22/02/2017,22/02/2017 18:00,25,21.5,25,0,21.2,5.9,326.7,0,337.1,1
27,31.2079,-110.9227,335.6,1.1,1,Aqua,MODIS,81,6.03,311.7,26.2,D,20:00:00,25/03/2017,25/03/2017 20:00,20.8,13.9,20.8,0,17.7,6.4,3.5,0,137.4,1
28,31.2065,-110.9336,327,1.1,1,Aqua,MODIS,67,6.03,313.3,13,D,20:00:00,25/03/2017,25/03/2017 20:00,20.8,13.9,20.8,0,17.7,6.4,3.5,0,194.4,1
29,31.1593,-110.9881,327.1,1.1,1,Terra,MODIS,60,6.03,313.5,10.9,D,18:00:00,18/04/2017,18/04/2017 18:00,31.3,31.8,31.3,0,10.1,4.7,704.7,0,19.5,1
30,31.2571,-110.9612,325.1,1.1,1,Terra,MODIS,17,6.03,309.1,6.7,D,18:00:00,18/04/2017,18/04/2017 18:00,31.3,31.8,31.3,0,10.1,4.7,704.7,0,29.9,1
31,31.2872,-110.9539,329.6,1.9,1.3,Aqua,MODIS,58,6.03,314.4,25.7,D,21:00:00,01/05/2017,01/05/2017 21:00,26.9,19.2,26.9,0,6.7,4,63.5,0,331.2,1
32,31.253,-110.9584,329.5,1.1,1,Terra,MODIS,19,6.03,313.5,7.6,D,18:00:00,04/05/2017,04/05/2017 18:00,35.5,36.3,35.5,0,6.9,3.5,705,0,330.3,1
33,31.2548,-110.9695,330.5,1.1,1,Terra,MODIS,39,6.03,313.6,8.9,D,18:00:00,04/05/2017,04/05/2017 18:00,35.5,36.3,35.5,0,6.9,3.5,705,0,332.4,1
34,31.254,-110.967,320.3,1.3,1.1,Terra,MODIS,13,6.03,303.4,8.2,D,18:00:00,11/05/2017,11/05/2017 18:00,27.3,28.6,27.3,0,18.5,4.4,732.8,0,260.1,1
35,31.1237,-110.6556,351.1,1.1,1,Aqua,MODIS,93,6.03,329,36.4,D,20:00:00,13/06/2017,13/06/2017 20:00,34.1,30.3,34.1,0,3.9,4.3,366.6,0,69.7,1
36,31.2739,-110.9412,334.1,1,1,Terra,MODIS,40,6.03,318.3,8.2,D,18:00:00,14/06/2017,14/06/2017 18:00,37.7,39.6,37.7,0,2,3.5,793.9,0,237.4,1
37,31.1583,-111.043,326.2,1,1,Terra,MODIS,100,6.03,298.1,20.8,N,05:00:00,20/06/2017,20/06/2017 05:00,28.1,21.7,28.1,0,18.5,2.6,0,0,338.9,1
38,31.1597,-111.0326,342.5,1,1,Terra,MODIS,100,6.03,299.4,44.4,N,05:00:00,20/06/2017,20/06/2017 05:00,28.1,21.7,28.1,0,18.5,2.6,0,0,283.9,1
39,31.1594,-111.0136,303.8,2.5,1.5,Aqua,MODIS,31,6.03,291.2,15.9,N,09:00:00,20/06/2017,20/06/2017 09:00,29,26.4,29,0,19.1,1.8,147.4,0,248.3,1
40,31.16,-111.0357,308.7,2.5,1.5,Aqua,MODIS,75,6.03,291.9,28.7,N,09:00:00,20/06/2017,20/06/2017 09:00,29,26.4,29,0,19.1,1.8,147.4,0,253.7,1
41,31.1647,-111.0392,308.2,2.5,1.5,Aqua,MODIS,74,6.03,291.7,25.2,N,09:00:00,20/06/2017,20/06/2017 09:00,29,26.4,29,0,19.1,1.8,147.4,0,124.6,1
42,31.1642,-111.027,306.5,1.7,1.3,Aqua,MODIS,68,6.03,295.1,12.3,N,08:00:00,21/06/2017,21/06/2017 08:00,22.4,22,22.4,0,36.5,0.7,0.9,0,180.4,1
43,31.1644,-111.039,305.9,1.7,1.3,Aqua,MODIS,66,6.03,294.9,10.7,N,08:00:00,21/06/2017,21/06/2017 08:00,22.4,22,22.4,0,36.5,0.7,0.9,0,121.5,1
44,31.1559,-111.0352,334.2,1,1,Aqua,MODIS,67,6.03,316.4,11.2,D,20:00:00,22/06/2017,22/06/2017 20:00,35.5,35.1,35.5,0,21.3,9.2,262.4,0,129.1,1
45,31.2545,-110.9635,322.4,1.3,1.1,Terra,MODIS,38,6.03,298.7,14.1,D,18:00:00,14/07/2017,14/07/2017 18:00,32.9,32.6,32.9,0,35.8,3.5,453,4.1,124.7,1
46,31.2584,-110.9553,323.8,1.1,1,Terra,MODIS,11,6.03,306.5,9.5,D,18:00:00,08/08/2017,08/08/2017 18:00,35,35.4,35,0,24.5,1.2,556.2,0,199.7,1
47,31.2492,-110.9573,322.9,1.1,1,Terra,MODIS,14,6.03,305.9,8.7,D,18:00:00,08/08/2017,08/08/2017 18:00,35,35.4,35,0,24.5,1.2,556.2,0,80.7,1
48,31.2539,-110.966,327,1.2,1.1,Aqua,MODIS,28,6.03,307,15.4,D,20:00:00,11/08/2017,11/08/2017 20:00,32.7,30.8,32.7,0,33.7,4.4,216.4,0.1,27.5,1
49,31.2567,-110.9632,324.8,1,1,Terra,MODIS,21,6.03,308.4,9.2,D,18:00:00,17/08/2017,17/08/2017 18:00,32.9,35.3,32.9,0,12.7,3.9,704.3,0,174.6,1
50,31.308,-110.9062,334.2,1,1,Terra,MODIS,83,6.03,306.8,24.9,D,18:00:00,20/10/2017,20/10/2017 18:00,28.6,26.7,28.6,0,20.4,7.4,419.8,0,123.2,1
51,30.7735,-110.8177,312.7,1.1,1.1,Aqua,MODIS,85,6.03,292.5,14.2,N,09:00:00,25/10/2017,25/10/2017 09:00,12.2,13.3,12.2,0,46.1,1.2,0,0,72.4,1
52,30.7697,-110.8251,314.3,1.1,1.1,Aqua,MODIS,89,6.03,292.7,16.3,N,09:00:00,25/10/2017,25/10/2017 09:00,12.2,13.3,12.2,0,46.1,1.2,0,0,149.7,1
53,30.7681,-110.8136,302.4,1.1,1.1,Aqua,MODIS,49,6.03,292.2,6.6,N,09:00:00,25/10/2017,25/10/2017 09:00,12.2,13.3,12.2,0,46.1,1.2,0,0,25.9,1
54,30.775,-110.8293,301.3,1.1,1.1,Aqua,MODIS,35,6.03,291.1,5.9,N,09:00:00,25/10/2017,25/10/2017 09:00,12.2,13.3,12.2,0,46.1,1.2,0,0,279,1
55,31.2393,-110.9705,318.3,1,1,Aqua,MODIS,63,6.03,303.4,8.7,D,20:00:00,22/11/2017,22/11/2017 20:00,20.4,14.4,20.4,0,13.5,2.5,0,0,3.2,1
56,30.9786,-110.8816,312,1.9,1.3,Aqua,MODIS,55,6.03,299,14.7,D,21:00:00,12/01/2018,12/01/2018 21:00,12.5,11.5,12.5,0,31.4,2.4,0,0,253.9,1
57,31.2738,-110.9358,332.9,1,1,Terra,MODIS,47,6.03,314.1,9.6,D,18:00:00,01/06/2018,01/06/2018 18:00,35.6,36.9,35.6,0,4.1,5.9,754.8,0,350.8,1
58,31.1671,-111.0359,304.5,1,1,Aqua,MODIS,60,6.03,290.5,6.9,N,09:00:00,04/06/2018,04/06/2018 09:00,18.4,20.1,18.4,0,18.6,0.9,164.3,0,292,1
59,30.7398,-110.7614,363.7,1.4,1.2,Aqua,MODIS,100,6.03,315.7,129.7,D,20:00:00,04/06/2018,04/06/2018 20:00,35,33.3,35,0,9.9,6,325.6,0,99.7,1
60,30.7479,-110.7552,341.3,1.4,1.2,Aqua,MODIS,82,6.03,312.4,42.8,D,20:00:00,04/06/2018,04/06/2018 20:00,35,33.3,35,0,9.9,6,325.6,0,300.6,1
61,30.7452,-110.77,351.2,1.4,1.2,Aqua,MODIS,93,6.03,315.6,74.3,D,20:00:00,04/06/2018,04/06/2018 20:00,35,33.3,35,0,9.9,6,325.6,0,136.1,1
62,30.7472,-110.7697,310.3,1.3,1.1,Terra,MODIS,80,6.03,295.2,12,N,05:00:00,05/06/2018,05/06/2018 05:00,22.1,19.1,22.1,0,36.6,0.9,0,0,355,1
63,30.7487,-110.7571,314.4,1.3,1.1,Terra,MODIS,89,6.03,294.2,16.1,N,05:00:00,05/06/2018,05/06/2018 05:00,22.1,19.1,22.1,0,36.6,0.9,0,0,52.9,1
64,30.7387,-110.7556,313.9,1.3,1.1,Terra,MODIS,88,6.03,289.2,16.2,N,05:00:00,05/06/2018,05/06/2018 05:00,22.1,19.1,22.1,0,36.6,0.9,0,0,326.5,1
65,30.7425,-110.7603,337.5,1.6,1.2,Terra,MODIS,81,6.03,311.6,42.6,D,17:00:00,05/06/2018,05/06/2018 17:00,36.3,41,36.3,0,15.8,7.7,887.8,0,47.3,1
66,30.7408,-110.745,330.5,1.6,1.2,Terra,MODIS,69,6.03,310.3,24.1,D,17:00:00,05/06/2018,05/06/2018 17:00,36.3,41,36.3,0,15.8,7.7,887.8,0,355.7,1
67,30.7423,-110.736,303.3,1.1,1,Aqua,MODIS,46,6.03,292.7,5.4,N,09:00:00,06/06/2018,06/06/2018 09:00,22.1,22.8,22.1,0,36.7,2.3,156.7,0,317.4,1
68,30.7438,-110.7469,306.7,1.1,1,Aqua,MODIS,69,6.03,292.3,7.6,N,09:00:00,06/06/2018,06/06/2018 09:00,22.1,22.8,22.1,0,36.7,2.3,156.7,0,86.1,1
69,30.7414,-110.7495,327.9,1.7,1.3,Terra,MODIS,48,6.03,311.8,22.2,D,18:00:00,06/06/2018,06/06/2018 18:00,36.7,38.7,36.7,0,11.5,8.5,730.5,0,71.1,1
70,30.7394,-110.7436,333.7,1.7,1.3,Terra,MODIS,73,6.03,311.8,37.2,D,18:00:00,06/06/2018,06/06/2018 18:00,36.7,38.7,36.7,0,11.5,8.5,730.5,0,132,1
71,30.9618,-110.662,330.2,1,1,Terra,MODIS,54,6.03,314.3,13.1,D,18:00:00,10/06/2018,10/06/2018 18:00,36.1,38.7,36.1,0,8.9,5.3,745.5,0,109,1
72,30.9633,-110.6723,346.4,1,1,Terra,MODIS,89,6.03,314.9,39.9,D,18:00:00,10/06/2018,10/06/2018 18:00,36.1,38.7,36.1,0,8.9,5.3,745.5,0,136.6,1
73,30.9549,-110.6896,312.2,1.7,1.3,Terra,MODIS,84,6.03,293.2,21,N,05:00:00,11/06/2018,11/06/2018 05:00,16.8,13.9,16.8,0,21.6,1.8,0,0,21.4,1
74,30.9579,-110.674,307.3,1.7,1.3,Terra,MODIS,56,6.03,294,12.9,N,05:00:00,11/06/2018,11/06/2018 05:00,16.8,13.9,16.8,0,21.6,1.8,0,0,359.5,1
75,30.9495,-110.6562,313.2,1.7,1.3,Terra,MODIS,87,6.03,295.7,21.6,N,05:00:00,11/06/2018,11/06/2018 05:00,16.8,13.9,16.8,0,21.6,1.8,0,0,73.7,1
76,30.9526,-110.6403,308.4,1.7,1.3,Terra,MODIS,53,6.03,295,14.7,N,05:00:00,11/06/2018,11/06/2018 05:00,16.8,13.9,16.8,0,21.6,1.8,0,0,26,1
77,30.9486,-110.6437,301.1,1.1,1.1,Aqua,MODIS,38,6.03,290.8,5.5,N,09:00:00,11/06/2018,11/06/2018 09:00,16.8,18.4,16.8,0,26.7,0.1,169.4,0,141,1
78,30.9506,-110.6555,303.2,1.1,1.1,Aqua,MODIS,54,6.03,291.1,6.4,N,09:00:00,11/06/2018,11/06/2018 09:00,16.8,18.4,16.8,0,26.7,0.1,169.4,0,249.4,1
79,30.9728,-110.67,341.1,1.2,1.1,Aqua,MODIS,81,6.03,320.9,27.6,D,20:00:00,11/06/2018,11/06/2018 20:00,36.4,33.6,36.4,0,3.4,4.2,349.9,0,249.4,1
80,30.9407,-110.686,351.1,1.2,1.1,Aqua,MODIS,93,6.03,320.9,54.6,D,20:00:00,11/06/2018,11/06/2018 20:00,36.4,33.6,36.4,0,3.4,4.2,349.9,0,78.9,1
81,30.9391,-110.6822,316.1,1.6,1.2,Terra,MODIS,93,6.03,294.6,23.9,N,05:00:00,12/06/2018,12/06/2018 05:00,18,17.6,18,0,17.6,1.4,0,0,291.8,1
82,30.941,-110.6646,318.6,1.6,1.2,Terra,MODIS,97,6.03,294.7,28.1,N,05:00:00,12/06/2018,12/06/2018 05:00,18,17.6,18,0,17.6,1.4,0,0,29.5,1
83,30.9399,-110.6884,316,1.6,1.2,Terra,MODIS,89,6.03,294.4,22.9,N,05:00:00,12/06/2018,12/06/2018 05:00,18,17.6,18,0,17.6,1.4,0,0,333.4,1
84,30.9417,-110.6711,317.9,1.6,1.2,Terra,MODIS,96,6.03,294.4,26.8,N,05:00:00,12/06/2018,12/06/2018 05:00,18,17.6,18,0,17.6,1.4,0,0,276,1
85,30.9374,-110.6989,308.3,1.6,1.2,Terra,MODIS,44,6.03,293.6,12.3,N,05:00:00,12/06/2018,12/06/2018 05:00,18,17.6,18,0,17.6,1.4,0,0,265.6,1
86,31.2551,-110.9605,323.1,1.3,1.1,Terra,MODIS,52,6.03,302.2,13.4,D,18:00:00,17/07/2018,17/07/2018 18:00,32.5,33.6,32.5,0,36.1,5,521,0.1,153.1,1
87,31.2545,-110.963,322.1,1.1,1,Terra,MODIS,58,6.03,303.2,11.5,D,18:00:00,27/08/2018,27/08/2018 18:00,31.5,34.2,31.5,0,32.6,3.4,663.2,0,77.5,1
88,31.2543,-110.9645,316.7,1,1,Terra,MODIS,22,6.03,301.8,5.4,D,18:00:00,21/09/2018,21/09/2018 18:00,30.5,31.1,30.5,0,31.6,4.5,487.2,0,159.4,1
89,31.2514,-110.9656,309,1.2,1.1,Aqua,MODIS,18,6.03,296.4,4.7,D,20:00:00,17/10/2018,17/10/2018 20:00,19.3,15.6,19.3,0,40.3,6.5,29.4,0,142.6,1
90,31.2547,-110.965,302.6,1,1,Terra,MODIS,10,6.03,290.9,1.9,D,18:00:00,24/11/2018,24/11/2018 18:00,19.8,14.9,19.8,0,20.2,3.9,116.8,0,358.9,1
91,31.2569,-110.9627,305.5,1.3,1.1,Terra,MODIS,25,6.03,290.4,4.5,D,18:00:00,26/02/2019,26/02/2019 18:00,21.5,17.8,21.5,0,11.2,4.2,348.9,0,274.2,1
92,31.0603,-110.8945,322.9,1,1,Terra,MODIS,77,6.03,298.6,15.5,D,18:00:00,28/02/2019,28/02/2019 18:00,23.4,20,23.4,0,17.1,2.3,353.5,0,2,1
93,31.2571,-110.9618,317.5,1,1,Terra,MODIS,31,6.03,302.6,4.3,D,18:00:00,01/04/2019,01/04/2019 18:00,26.1,23.4,26.1,0,6.7,5.6,435.6,0,182,1
94,31.2545,-110.9612,322.2,1.1,1,Terra,MODIS,28,6.03,306.9,6.4,D,18:00:00,08/04/2019,08/04/2019 18:00,31.4,32.7,31.4,0,5.7,2,674.9,0,205.3,1
95,31.2701,-110.9378,318.1,1.2,1.1,Aqua,MODIS,19,6.03,302.9,5.8,D,20:00:00,11/04/2019,11/04/2019 20:00,18.2,14.1,18.2,0,9,5.3,207.5,0,164.1,1
96,31.2517,-110.9643,317.9,1.2,1.1,Aqua,MODIS,14,6.03,301.7,6.6,D,20:00:00,11/04/2019,11/04/2019 20:00,18.2,14.1,18.2,0,9,5.3,207.5,0,299.8,1
97,31.2557,-110.9662,322.4,1.3,1.1,Terra,MODIS,39,6.03,305.3,9.9,D,18:00:00,01/05/2019,01/05/2019 18:00,27.4,28.6,27.4,0,8.9,6.6,724.3,0,119.8,1
98,31.2968,-110.9202,375.7,1.2,1.1,Terra,MODIS,100,6.03,291,185.1,N,05:00:00,07/05/2019,07/05/2019 05:00,12.8,11.7,12.8,0,48.3,1.6,0,0,292.4,1
99,31.2953,-110.9328,327.9,1.2,1.1,Terra,MODIS,100,6.03,286.3,37.8,N,05:00:00,07/05/2019,07/05/2019 05:00,12.8,11.7,12.8,0,48.3,1.6,0,0,255.3,1
100,31.1637,-111.0274,326.2,1,1,Aqua,MODIS,48,6.03,309.9,10.9,D,20:00:00,27/05/2019,27/05/2019 20:00,23.3,19.9,23.3,0,25.8,5.4,314.7,0,214.1,1
101,31.1699,-111.0274,324.9,1,1,Terra,MODIS,55,6.03,311.9,8.1,D,18:00:00,28/05/2019,28/05/2019 18:00,26.7,26.8,26.7,0,8.2,7,726.7,0,268.6,1
102,31.1638,-111.0081,338.7,1.2,1.1,Aqua,MODIS,80,6.03,312.6,33.3,D,20:00:00,29/05/2019,29/05/2019 20:00,27.9,25.1,27.9,0,10.9,0.2,317.4,0,104.1,1
103,31.1618,-111.0202,327.8,1.2,1.1,Aqua,MODIS,40,6.03,312.9,14.9,D,20:00:00,29/05/2019,29/05/2019 20:00,27.9,25.1,27.9,0,10.9,0.2,317.4,0,318.8,1
104,31.2553,-110.9592,324.5,1.3,1.1,Terra,MODIS,37,6.03,307.5,9.4,D,18:00:00,02/06/2019,02/06/2019 18:00,31.5,32.8,31.5,0,13.1,6.8,745.4,0,178.7,1
105,31.1522,-111.0382,324.7,2.9,1.6,Aqua,MODIS,34,6.03,306.8,52.3,D,20:00:00,02/06/2019,02/06/2019 20:00,29.9,27.4,29.9,0,12.4,7.7,322.3,0,31.2,1
106,31.161,-111.0425,307.6,1.1,1,Terra,MODIS,72,6.03,290.6,9.3,N,05:00:00,03/06/2019,03/06/2019 05:00,15.2,15.1,15.2,0,54.5,2.7,0,0,105.1,1
107,31.1627,-111.0318,308.3,1,1,Terra,MODIS,74,6.03,291,9.7,N,05:00:00,03/06/2019,03/06/2019 05:00,15.2,15.1,15.2,0,54.5,2.7,0,0,27.3,1
108,30.9912,-111.0134,314.6,1.2,1.1,Terra,MODIS,89,6.03,294.3,15.2,N,05:00:00,12/06/2019,12/06/2019 05:00,21.6,20,21.6,0,25.5,0.8,0,0,255.1,1
109,30.9988,-111.0279,316.5,1.2,1.1,Terra,MODIS,93,6.03,293.4,17.1,N,05:00:00,12/06/2019,12/06/2019 05:00,21.6,20,21.6,0,25.5,0.8,0,0,113.3,1
110,31.0009,-111.0155,310,1.2,1.1,Terra,MODIS,79,6.03,292.9,10.3,N,05:00:00,12/06/2019,12/06/2019 05:00,21.6,20,21.6,0,25.5,0.8,0,0,109.7,1
111,30.9891,-111.0261,304.4,1.2,1.1,Terra,MODIS,60,6.03,293.3,5.9,N,05:00:00,12/06/2019,12/06/2019 05:00,21.6,20,21.6,0,25.5,0.8,0,0,15,1
112,30.9815,-111.0117,314.9,1.2,1.1,Terra,MODIS,90,6.03,295.1,15.4,N,05:00:00,12/06/2019,12/06/2019 05:00,21.6,20,21.6,0,25.5,0.8,0,0,103.4,1
113,31.0057,-111.0254,302.5,1.6,1.2,Aqua,MODIS,49,6.03,287.5,9.5,N,09:00:00,12/06/2019,12/06/2019 09:00,20.6,23.2,20.6,0,31.7,0,160.8,0,327.3,1
114,31.0072,-111.0239,324.2,4.5,2,Terra,MODIS,39,6.03,308.3,69.5,D,17:00:00,12/06/2019,12/06/2019 17:00,37.6,43.2,37.6,0,5.7,3.9,898.6,0,98.4,1
115,31.0022,-111.0329,346.4,1,1,Aqua,MODIS,89,6.03,321.7,31.1,D,20:00:00,12/06/2019,12/06/2019 20:00,37.3,34.9,37.3,0,6,4.9,295.3,0,111.4,1
116,31.0147,-111.0251,332,1,1,Terra,MODIS,57,6.03,312.5,12.3,D,18:00:00,13/06/2019,13/06/2019 18:00,38.2,40.6,38.2,0,6.8,9.7,729.1,0,33.8,1
117,31.2328,-111.0135,313,1,1,Terra,MODIS,86,6.03,291.3,12.8,N,05:00:00,17/06/2019,17/06/2019 05:00,18.8,17.7,18.8,0,30.9,1.9,0,0,123.1,1
118,31.2446,-111.0124,335.4,1.5,1.2,Aqua,MODIS,66,6.03,320.4,22.5,D,20:00:00,17/06/2019,17/06/2019 20:00,33.3,31.1,33.3,0,6.7,6.8,346,0,331.5,1
119,31.1657,-110.9911,333,1.3,1.1,Terra,MODIS,75,6.03,318,20.7,D,18:00:00,18/06/2019,18/06/2019 18:00,33.5,36.2,33.5,0,4.5,5.1,767.2,0,334.6,1
120,30.7397,-110.9128,331.4,1,1,Terra,MODIS,53,6.03,319.3,10,D,18:00:00,20/06/2019,20/06/2019 18:00,34.1,36.6,34.1,0,8.7,8.3,761.6,0,336.2,1
121,31.0717,-110.8361,331.2,1.1,1.1,Terra,MODIS,61,6.03,316.2,11.8,D,18:00:00,08/07/2019,08/07/2019 18:00,35.4,36.6,35.4,0,8.2,5.9,744.4,0,155,1
122,31.2558,-110.9647,331.4,1.2,1.1,Aqua,MODIS,32,6.03,310.3,8.7,D,20:00:00,16/07/2019,16/07/2019 20:00,34.2,34.3,34.2,0,24.8,1.4,193.2,0,231.2,1
123,30.992,-110.936,336.2,1.2,1.1,Aqua,MODIS,72,6.03,314.2,21.7,D,20:00:00,16/07/2019,16/07/2019 20:00,34.2,34.3,34.2,0,24.8,1.4,193.2,0,80.7,1
124,31.2541,-110.9617,324.7,1,1,Terra,MODIS,23,6.03,303.3,6.4,D,18:00:00,22/07/2019,22/07/2019 18:00,26.6,37.3,26.6,0,55.4,3.4,563.3,0,347.6,1
125,31.2549,-110.9717,324.2,1.2,1.1,Aqua,MODIS,15,6.03,303.1,10.4,D,20:00:00,01/08/2019,01/08/2019 20:00,32.8,31.1,32.9,0,36.7,2,242.3,0,38.6,1
126,31.2544,-110.9654,327.2,1.3,1.1,Terra,MODIS,36,6.03,305.5,14.2,D,18:00:00,05/08/2019,05/08/2019 18:00,30.2,35,30.2,0,36.8,6,408.7,0,97.3,1
127,31.1253,-110.9396,305.7,1.1,1,Terra,MODIS,61,6.03,292.2,5.4,D,18:00:00,05/01/2020,05/01/2020 18:00,22,17.7,22,0,10.6,3.5,167,0,83.7,1
128,31.2577,-110.9647,300.5,1.1,1,Terra,MODIS,15,6.03,284.5,2.8,D,18:00:00,06/02/2020,06/02/2020 18:00,14.2,13.8,14.2,0,21.1,3.3,278.3,0,105.7,1
129,31.245,-110.9539,316.2,1.5,1.2,Aqua,MODIS,56,6.03,299.7,12.4,D,20:00:00,15/03/2020,15/03/2020 20:00,16.9,12.9,16.9,0,30.1,4.8,0,0,311.5,1
130,31.2434,-110.9691,321.4,1.5,1.2,Aqua,MODIS,70,6.03,300.4,20.6,D,20:00:00,15/03/2020,15/03/2020 20:00,16.9,12.9,16.9,0,30.1,4.8,0,0,256.2,1
131,31.2496,-110.9712,305.1,1,1,Aqua,MODIS,23,6.03,289.3,3.2,D,20:00:00,19/03/2020,19/03/2020 20:00,11.9,8.5,11.9,0,52.5,3.5,1.3,2.1,59,1
132,31.2515,-110.9643,317.7,1.2,1.1,Aqua,MODIS,26,6.03,300.7,6.5,D,20:00:00,13/04/2020,13/04/2020 20:00,20.5,16.6,20.5,0,22.6,7.4,238.1,8.8,357.2,1
133,31.255,-110.9582,326.6,1.1,1,Terra,MODIS,42,6.03,312.2,7.4,D,18:00:00,26/04/2020,26/04/2020 18:00,35,36.4,35,0,8.4,4.4,714.4,0,312.9,1
134,31.2505,-110.9667,331.7,1.2,1.1,Aqua,MODIS,57,6.03,313.9,12.6,D,20:00:00,29/04/2020,29/04/2020 20:00,34.2,31.8,34.2,0,11.9,0.6,270.8,0,148.3,1
135,31.2725,-110.9362,328.4,1,1,Terra,MODIS,23,6.03,311.7,7.6,D,18:00:00,06/06/2020,06/06/2020 18:00,33,34.5,33,0,9.4,4,762.7,0,313.9,1
136,31.2745,-110.9427,330.6,1,1,Terra,MODIS,23,6.03,310.6,7.5,D,18:00:00,08/07/2020,08/07/2020 18:00,37.8,37.3,37.8,0,24,4.5,486.6,61,165.5,1
137,30.7918,-110.6405,338.1,1,1,Aqua,MODIS,76,6.03,311.8,21.7,D,20:00:00,16/07/2020,16/07/2020 20:00,29.9,30.9,29.9,0,33.7,3.6,165.6,88.5,307.5,1
138,31.2582,-110.9624,324.4,1.3,1.1,Terra,MODIS,19,6.03,301.5,8.9,D,18:00:00,22/07/2020,22/07/2020 18:00,31.1,33,31.6,0,43.3,4.3,454.3,87.1,109.9,1
139,31.2568,-110.9675,325.9,1.1,1,Terra,MODIS,28,6.03,305,10.1,D,18:00:00,16/08/2020,16/08/2020 18:00,38.2,37.3,38.2,0,22,3.1,437.7,66.8,120.7,1
140,31.2535,-110.9603,326.8,1.3,1.1,Terra,MODIS,35,6.03,311,7.6,D,18:00:00,23/08/2020,23/08/2020 18:00,37.4,39.4,37.4,0,25.5,3.6,547.3,39.8,55.2,1
141,30.9974,-110.7792,300.9,1.1,1,Terra,MODIS,35,6.03,289.9,4.8,N,05:00:00,23/09/2020,23/09/2020 05:00,19.6,22.4,19.6,0,53.9,1.9,0,7.7,77.6,1
142,30.9926,-110.8003,312.9,1,1,Terra,MODIS,86,6.03,294.3,11,N,05:00:00,25/09/2020,25/09/2020 05:00,20,19.2,20,0,38.6,2,0,0,200.6,1
143,31.0017,-110.8021,303.7,1,1,Terra,MODIS,56,6.03,293.6,4.7,N,05:00:00,25/09/2020,25/09/2020 05:00,20,19.2,20,0,38.6,2,0,0,162.8,1
144,30.9991,-110.7892,303,2,1.4,Aqua,MODIS,53,6.03,290.6,15.6,N,09:00:00,25/09/2020,25/09/2020 09:00,17,17.7,17,0,49,1.8,23.5,0,204,1
145,31.0043,-110.8008,302.2,2,1.4,Aqua,MODIS,47,6.03,290.8,14.6,N,09:00:00,25/09/2020,25/09/2020 09:00,17,17.7,17,0,49,1.8,23.5,0,117.5,1
146,30.9913,-110.8071,334.5,1.1,1,Aqua,MODIS,73,6.03,317.1,18.6,D,20:00:00,25/09/2020,25/09/2020 20:00,32.9,29.3,32.9,0,18.7,3.4,80.6,47.5,141.9,1
147,30.9899,-110.8179,329.4,1.1,1,Aqua,MODIS,56,6.03,316.2,10.4,D,20:00:00,25/09/2020,25/09/2020 20:00,32.9,29.3,32.9,0,18.7,3.4,80.6,47.5,302.1,1
148,31.2796,-110.9771,315.3,1,1,Aqua,MODIS,53,6.03,302.7,5.4,D,20:00:00,29/10/2020,29/10/2020 20:00,21.6,16.6,21.6,0,15.3,1.3,0,13.5,182.1,1
149,30.8324,-110.69,310.9,1,1,Aqua,MODIS,54,6.03,299.9,4.5,D,20:00:00,08/01/2021,08/01/2021 20:00,13.3,11.3,13.3,0,20.5,2.6,0,54.6,250.4,1
150,30.768,-110.8322,312.1,1.6,1.2,Terra,MODIS,54,6.03,300.5,9.3,D,18:00:00,10/03/2021,10/03/2021 18:00,15.8,15.5,15.8,0,16.6,8.1,409.4,0,102,1
151,31.0046,-110.8798,364.9,1,1,Aqua,MODIS,100,6.03,310.9,94,D,20:00:00,22/03/2021,22/03/2021 20:00,13.8,10.9,13.8,0,9.3,4.2,4.4,0,295.8,1
152,31.003,-110.8905,328.6,1,1,Aqua,MODIS,77,6.03,309.6,16.7,D,20:00:00,22/03/2021,22/03/2021 20:00,13.8,10.9,13.8,0,9.3,4.2,4.4,0,290.4,1
153,31.0778,-111.0996,329.1,1.1,1,Terra,MODIS,100,6.03,292.5,30.3,N,05:00:00,05/04/2021,05/04/2021 05:00,20,15.4,20,0,13.7,0.9,0,5.5,123.7,1
154,31.0852,-111.1123,315.4,1.1,1,Terra,MODIS,91,6.03,290.2,15.1,N,05:00:00,05/04/2021,05/04/2021 05:00,20,15.4,20,0,13.7,0.9,0,5.5,117.4,1
155,31.0761,-111.1106,324.1,1.1,1,Terra,MODIS,100,6.03,292.6,23.6,N,05:00:00,05/04/2021,05/04/2021 05:00,20,15.4,20,0,13.7,0.9,0,5.5,255.9,1
156,31.0744,-111.1215,339.4,1.1,1,Terra,MODIS,100,6.03,294.2,45.8,N,05:00:00,05/04/2021,05/04/2021 05:00,20,15.4,20,0,13.7,0.9,0,5.5,8,1
157,31.0727,-111.1325,311,1.1,1,Terra,MODIS,81,6.03,290.2,10.9,N,05:00:00,05/04/2021,05/04/2021 05:00,20,15.4,20,0,13.7,0.9,0,5.5,346.8,1
158,31.0909,-111.1366,316.9,1.1,1,Terra,MODIS,94,6.03,290.5,17.2,N,05:00:00,05/04/2021,05/04/2021 05:00,20,15.4,20,0,13.7,0.9,0,5.5,195.4,1
159,31.0927,-111.1252,308.7,1.1,1,Terra,MODIS,75,6.03,289.5,9.7,N,05:00:00,05/04/2021,05/04/2021 05:00,20,15.4,20,0,13.7,0.9,0,5.5,105.4,1
160,31.0818,-111.1346,323.1,1.1,1,Terra,MODIS,100,6.03,291,22.8,N,05:00:00,05/04/2021,05/04/2021 05:00,20,15.4,20,0,13.7,0.9,0,5.5,185.8,1
161,31.0835,-111.1234,335.9,1.1,1,Terra,MODIS,100,6.03,292,39.9,N,05:00:00,05/04/2021,05/04/2021 05:00,20,15.4,20,0,13.7,0.9,0,5.5,266.8,1
162,31.087,-111.1013,309.4,1.1,1,Terra,MODIS,77,6.03,289.1,10.3,N,05:00:00,05/04/2021,05/04/2021 05:00,20,15.4,20,0,13.7,0.9,0,5.5,310.9,1
163,31.0919,-111.116,305.5,1.9,1.4,Aqua,MODIS,28,6.03,287.7,19.5,N,09:00:00,05/04/2021,05/04/2021 09:00,15.6,13.3,15.6,0,19.7,1.1,37.4,26.5,312.3,1
164,31.0957,-111.1349,308.2,1.9,1.4,Aqua,MODIS,36,6.03,288.9,23.5,N,09:00:00,05/04/2021,05/04/2021 09:00,15.6,13.3,15.6,0,19.7,1.1,37.4,26.5,58.3,1
165,31.084,-111.098,344.5,1,1,Aqua,MODIS,87,6.03,315.3,35.3,D,20:00:00,05/04/2021,05/04/2021 20:00,27.8,24.6,27.8,0,7,5.7,219.2,75.1,99.9,1
166,31.0966,-111.1443,328.9,1,1,Aqua,MODIS,38,6.03,316.9,9.8,D,20:00:00,05/04/2021,05/04/2021 20:00,27.8,24.6,27.8,0,7,5.7,219.2,75.1,185,1
167,31.0707,-111.1286,334.7,1,1,Aqua,MODIS,67,6.03,317.9,16.1,D,20:00:00,05/04/2021,05/04/2021 20:00,27.8,24.6,27.8,0,7,5.7,219.2,75.1,304.2,1
168,31.1158,-111.123,301.7,1.8,1.3,Terra,MODIS,43,6.03,288.2,14,N,05:00:00,08/04/2021,08/04/2021 05:00,16.9,13.5,16.9,0,16.6,1.2,0,23.2,1,1
169,31.0185,-110.8954,328.1,1.9,1.3,Aqua,MODIS,52,6.03,317.2,22.2,D,21:00:00,10/04/2021,10/04/2021 21:00,24.9,19.5,24.9,0,8,4.7,31.9,25.1,3.4,1
170,31.1637,-111.0429,331.5,1,1,Aqua,MODIS,64,6.03,314.8,14.7,D,20:00:00,16/05/2021,16/05/2021 20:00,25.5,22.8,25.5,0,9.9,8.8,313.9,0,5.7,1
171,30.7913,-110.8405,336.5,1.8,1.3,Aqua,MODIS,78,6.03,315.2,35.9,D,20:00:00,05/06/2021,05/06/2021 20:00,31,30.1,31,0,11.8,7.2,330.5,0,234.2,1
172,30.7982,-110.8472,334.4,1.8,1.3,Aqua,MODIS,74,6.03,315.9,29.6,D,20:00:00,05/06/2021,05/06/2021 20:00,31,30.1,31,0,11.8,7.2,330.5,0,159.4,1
173,31.2761,-110.9374,330.3,1,1,Terra,MODIS,21,6.03,313,7.1,D,18:00:00,09/06/2021,09/06/2021 18:00,34.1,37.5,34.1,0,4.3,5.2,767.6,76.9,264.1,1
174,31.1588,-111.038,328.6,1.4,1.2,Terra,MODIS,100,6.03,297.1,41.7,N,05:00:00,20/06/2021,20/06/2021 05:00,25.7,24.1,25.7,0,44,2,0,26.2,0,1
175,31.1631,-111.0442,318.7,1.4,1.2,Terra,MODIS,97,6.03,296.8,23.7,N,05:00:00,20/06/2021,20/06/2021 05:00,25.7,24.1,25.7,0,44,2,0,26.2,103.3,1
176,31.1647,-111.029,315.4,1.4,1.2,Terra,MODIS,90,6.03,296.4,18.8,N,05:00:00,20/06/2021,20/06/2021 05:00,25.7,24.1,25.7,0,44,2,0,26.2,121.6,1
177,31.3043,-111.1175,324.4,1.2,1.1,Terra,MODIS,28,6.03,295.4,14.1,D,18:00:00,23/06/2021,23/06/2021 18:00,26.7,30.2,26.7,0.09,54.2,5.1,434.8,74,353,1
178,31.258,-110.9615,330,1.3,1.1,Terra,MODIS,41,6.03,308,12.8,D,18:00:00,09/07/2021,09/07/2021 18:00,36.5,40.8,36.5,0,19.6,3.2,665.4,16.5,251.9,1
179,31.2496,-110.9674,316.1,1.1,1,Terra,MODIS,35,6.03,300.9,7.8,D,18:00:00,19/08/2021,19/08/2021 18:00,27.1,31.5,27.5,0,49,4.4,563.3,31.6,72.3,1
180,31.2589,-110.9634,319.3,1,1,Terra,MODIS,12,6.03,304.9,6.4,D,18:00:00,21/08/2021,21/08/2021 18:00,30.4,34.9,30.4,0,33.4,3.3,654.8,3.9,272.8,1
181,31.257,-110.9602,325.6,1.3,1.1,Terra,MODIS,18,6.03,308,12.7,D,18:00:00,26/08/2021,26/08/2021 18:00,34.6,36.9,34.6,0,22.4,1.5,489.9,53.3,217.9,1
182,31.2554,-110.9605,316,1.5,1.2,Terra,MODIS,14,6.03,299.1,13.3,D,18:00:00,02/09/2021,02/09/2021 18:00,27.2,30.9,27.5,0,49,2.8,478.7,35.2,312.9,1
183,31.2583,-110.9617,320.2,1.1,1,Terra,MODIS,36,6.03,302.2,9.1,D,18:00:00,04/09/2021,04/09/2021 18:00,28.6,32.5,29.2,0,49.8,1.6,436.9,49.9,188,1
184,30.8985,-110.6987,322.4,1.2,1.1,Aqua,MODIS,72,6.03,304.7,17.3,D,20:00:00,10/02/2022,10/02/2022 20:00,15.1,11.8,15.1,0,12.3,2.5,0,0,156,1
185,31.2392,-110.9953,320.6,1.7,1.3,Aqua,MODIS,57,6.03,308.2,14.5,D,21:00:00,12/03/2022,12/03/2022 21:00,15.2,12.4,15.2,0,14.4,1.2,0,70.5,263.6,1
186,31.2561,-110.9616,316.9,1.1,1,Terra,MODIS,29,6.03,299.5,6.1,D,18:00:00,31/03/2022,31/03/2022 18:00,21.6,20.6,21.6,0,19.6,5.2,443.6,68.1,235.8,1
187,30.8828,-110.7235,311,1.4,1.2,Terra,MODIS,81,6.03,285.5,20.8,N,05:00:00,10/04/2022,10/04/2022 05:00,14.7,12.7,14.7,0,39.8,3.9,0,42.4,180.5,1
188,31.269,-110.9429,330,1.3,1.1,Aqua,MODIS,14,6.03,314.9,9.5,D,20:00:00,12/05/2022,12/05/2022 20:00,28.2,25.9,28.2,0,3.1,3.9,318.6,0,336.8,1
189,30.883,-110.7541,310.1,1.1,1,Terra,MODIS,79,6.03,290.2,11.3,N,05:00:00,24/05/2022,24/05/2022 05:00,16,14,16,0,38.4,1.8,0,96.2,167.7,1
190,30.8908,-110.7669,312.8,1.1,1,Terra,MODIS,86,6.03,289.2,12.5,N,05:00:00,24/05/2022,24/05/2022 05:00,16,14,16,0,38.4,1.8,0,96.2,167.7,1
191,30.8921,-110.7562,345.3,1.1,1,Terra,MODIS,100,6.03,291.9,58.1,N,05:00:00,24/05/2022,24/05/2022 05:00,16,14,16,0,38.4,1.8,0,96.2,167.7,1
192,30.8817,-110.7649,305.4,1.1,1,Terra,MODIS,64,6.03,290,7.6,N,05:00:00,24/05/2022,24/05/2022 05:00,16,14,16,0,38.4,1.8,0,96.2,167.7,1
193,30.8838,-110.7506,336.6,1.1,1,Aqua,MODIS,27,6.03,318.5,17.6,D,20:00:00,24/05/2022,24/05/2022 20:00,29.4,27.6,29.4,0,6.8,4.9,326.2,35.5,348.3,1
194,30.8916,-110.7638,364.7,1.1,1,Aqua,MODIS,100,6.03,320.5,88.7,D,20:00:00,24/05/2022,24/05/2022 20:00,29.4,27.6,29.4,0,6.8,4.9,326.2,35.5,348.3,1
195,30.885,-110.8137,308.4,4.6,2,Terra,MODIS,74,6.03,292.1,77,N,04:00:00,25/05/2022,25/05/2022 04:00,19.9,16.5,19.9,0,31,1.5,0,53.2,62.5,1
196,30.899,-110.7577,312.5,4.5,2,Terra,MODIS,85,6.03,290.8,104.4,N,04:00:00,25/05/2022,25/05/2022 04:00,19.9,16.5,19.9,0,31,1.5,0,53.2,62.5,1
197,30.8981,-110.7522,307.1,4.5,2,Terra,MODIS,70,6.03,290.7,67.1,N,04:00:00,25/05/2022,25/05/2022 04:00,19.9,16.5,19.9,0,31,1.5,0,53.2,62.5,1
198,30.8846,-110.8077,308.9,4.6,2,Terra,MODIS,76,6.03,292.3,77.8,N,04:00:00,25/05/2022,25/05/2022 04:00,19.9,16.5,19.9,0,31,1.5,0,53.2,62.5,1
199,31.2519,-110.9621,328.2,1.3,1.1,Terra,MODIS,33,6.03,314.1,8.5,D,18:00:00,25/05/2022,25/05/2022 18:00,33.8,37.1,33.8,0,6.1,2.9,749.7,0,327.5,1
200,30.8979,-110.7829,315.2,1,1,Terra,MODIS,91,6.03,294.6,12.9,N,05:00:00,26/05/2022,26/05/2022 05:00,18.8,17,18.8,0,41.3,0.9,0,0,162.8,1
201,30.9013,-110.7612,304.9,1,1,Terra,MODIS,61,6.03,292,5.7,N,05:00:00,26/05/2022,26/05/2022 05:00,18.8,17,18.8,0,41.3,0.9,0,0,162.8,1
202,30.9086,-110.7737,315.5,1,1,Terra,MODIS,91,6.03,292.9,13.1,N,05:00:00,26/05/2022,26/05/2022 05:00,18.8,17,18.8,0,41.3,0.9,0,0,162.8,1
203,30.8962,-110.7942,307.8,1,1,Terra,MODIS,72,6.03,295.4,7.3,N,05:00:00,26/05/2022,26/05/2022 05:00,18.8,17,18.8,0,41.3,0.9,0,0,162.8,1
204,30.9103,-110.7627,318,1,1,Terra,MODIS,96,6.03,292.1,16.2,N,05:00:00,26/05/2022,26/05/2022 05:00,18.8,17,18.8,0,41.3,0.9,0,0,162.8,1
205,30.9069,-110.7849,317.9,1,1,Terra,MODIS,96,6.03,294.4,15.3,N,05:00:00,26/05/2022,26/05/2022 05:00,18.8,17,18.8,0,41.3,0.9,0,0,162.8,1
206,30.914,-110.7571,304.9,1.4,1.2,Aqua,MODIS,39,6.03,288.8,10.5,N,09:00:00,26/05/2022,26/05/2022 09:00,18.1,17.9,18.1,0,42.7,1.2,169.1,0,119.7,1
207,30.8981,-110.7865,305.9,1.4,1.2,Aqua,MODIS,35,6.03,290.8,10.9,N,09:00:00,26/05/2022,26/05/2022 09:00,18.1,17.9,18.1,0,42.7,1.2,169.1,0,119.7,1
208,30.9057,-110.7709,327.7,3.4,1.7,Terra,MODIS,33,6.03,312.1,47.5,D,17:00:00,26/05/2022,26/05/2022 17:00,35.5,40.4,35.5,0,8.4,5.9,853.3,0,236.5,1
209,30.9122,-110.7744,355.3,1,1,Aqua,MODIS,87,6.03,316.8,50.3,D,20:00:00,26/05/2022,26/05/2022 20:00,33.5,32.8,33.5,0,9.8,4.9,321.8,0,234.1,1
210,30.9016,-110.7833,339.4,1,1,Aqua,MODIS,21,6.03,320.2,14.9,D,20:00:00,26/05/2022,26/05/2022 20:00,33.5,32.8,33.5,0,9.8,4.9,321.8,0,234.1,1
211,30.9106,-110.7852,346.1,1,1,Aqua,MODIS,59,6.03,319.2,27.8,D,20:00:00,26/05/2022,26/05/2022 20:00,33.5,32.8,33.5,0,9.8,4.9,321.8,0,234.1,1
212,30.891,-110.7924,352.3,1,1,Aqua,MODIS,89,6.03,325.2,37.4,D,20:00:00,26/05/2022,26/05/2022 20:00,33.5,32.8,33.5,0,9.8,4.9,321.8,0,234.1,1
213,30.9202,-110.7684,304.5,3.1,1.7,Terra,MODIS,60,6.03,291.8,27.2,N,06:00:00,27/05/2022,27/05/2022 06:00,18.9,16.2,18.9,0,38.4,1.8,0,0,146.7,1
214,30.9232,-110.7523,304.4,3.2,1.7,Aqua,MODIS,60,6.03,290.3,35.8,N,08:00:00,27/05/2022,27/05/2022 08:00,17.9,15.9,17.9,0,42.2,1.5,3,0,163.4,1
215,30.9248,-110.757,301.9,3.2,1.7,Aqua,MODIS,45,6.03,290.5,27.9,N,08:00:00,27/05/2022,27/05/2022 08:00,17.9,15.9,17.9,0,42.2,1.5,3,0,163.4,1
216,30.9144,-110.7753,334.1,1,1,Terra,MODIS,48,6.03,313.6,16.1,D,18:00:00,27/05/2022,27/05/2022 18:00,34.5,38,34.5,0,5.5,5.4,757.7,0,233.7,1
217,30.916,-110.7854,333.5,1,1,Terra,MODIS,43,6.03,315,15.5,D,18:00:00,27/05/2022,27/05/2022 18:00,34.5,38,34.5,0,5.5,5.4,757.7,0,233.7,1
218,30.9202,-110.7529,354.3,1,1,Terra,MODIS,95,6.03,312.4,55.3,D,18:00:00,27/05/2022,27/05/2022 18:00,34.5,38,34.5,0,5.5,5.4,757.7,0,233.7,1
219,30.9067,-110.7925,332.7,3.2,1.7,Aqua,MODIS,59,6.03,318.3,61.1,D,21:00:00,27/05/2022,27/05/2022 21:00,31.2,27.8,31.2,0,8.3,4.2,110.9,0,239.2,1
220,30.9207,-110.7552,324.8,1.4,1.2,Terra,MODIS,100,6.03,293.5,35.9,N,05:00:00,28/05/2022,28/05/2022 05:00,18.4,15,18.4,0,28.3,1.9,0,10.7,169.6,1
221,30.9229,-110.7427,321.1,1.4,1.2,Terra,MODIS,94,6.03,294.5,29.2,N,05:00:00,28/05/2022,28/05/2022 05:00,18.4,15,18.4,0,28.3,1.9,0,10.7,169.6,1
222,30.9103,-110.7526,309.3,1.4,1.2,Terra,MODIS,41,6.03,290.9,12.7,N,05:00:00,28/05/2022,28/05/2022 05:00,18.4,15,18.4,0,28.3,1.9,0,10.7,169.6,1
223,30.9155,-110.748,318.2,1.4,1.2,Terra,MODIS,95,6.03,292.9,24.7,N,05:00:00,28/05/2022,28/05/2022 05:00,18.4,15,18.4,0,28.3,1.9,0,10.7,169.6,1
224,30.9156,-110.7371,302.9,1,1,Aqua,MODIS,21,6.03,289.2,5.8,N,09:00:00,28/05/2022,28/05/2022 09:00,19.3,16.1,19.3,0,20.2,3.5,178.4,0,178.4,1
225,30.9278,-110.7566,311.6,1,1,Aqua,MODIS,16,6.03,289.1,10.6,N,09:00:00,28/05/2022,28/05/2022 09:00,19.3,16.1,19.3,0,20.2,3.5,178.4,0,178.4,1
226,30.9262,-110.7458,331.1,1,1,Aqua,MODIS,100,6.03,292.2,31.1,N,09:00:00,28/05/2022,28/05/2022 09:00,19.3,16.1,19.3,0,20.2,3.5,178.4,0,178.4,1
227,30.9205,-110.7688,305.1,1,1,Aqua,MODIS,38,6.03,288.4,7,N,09:00:00,28/05/2022,28/05/2022 09:00,19.3,16.1,19.3,0,20.2,3.5,178.4,0,178.4,1
228,30.9173,-110.748,307.1,1,1,Aqua,MODIS,38,6.03,288.2,8.2,N,09:00:00,28/05/2022,28/05/2022 09:00,19.3,16.1,19.3,0,20.2,3.5,178.4,0,178.4,1
229,30.9092,-110.7521,331.2,1.4,1.2,Aqua,MODIS,65,6.03,304.9,22.4,D,20:00:00,28/05/2022,28/05/2022 20:00,30.5,28.8,30.5,0,5,7.9,334.2,9.1,217.7,1
230,30.9216,-110.7424,339.7,1.4,1.2,Aqua,MODIS,83,6.03,307.9,44.5,D,20:00:00,28/05/2022,28/05/2022 20:00,30.5,28.8,30.5,0,5,7.9,334.2,9.1,217.7,1
231,30.9115,-110.7394,338.1,1.4,1.2,Aqua,MODIS,81,6.03,307.5,39.8,D,20:00:00,28/05/2022,28/05/2022 20:00,30.5,28.8,30.5,0,5,7.9,334.2,9.1,217.7,1
232,30.898,-110.7489,302.6,1.9,1.3,Terra,MODIS,46,6.03,288.6,12.5,N,05:00:00,29/05/2022,29/05/2022 05:00,17.7,13.5,17.7,0,20.7,3.1,0,34.2,185.5,1
233,30.9099,-110.7521,300.4,1.9,1.3,Terra,MODIS,17,6.03,288,9.4,N,05:00:00,29/05/2022,29/05/2022 05:00,17.7,13.5,17.7,0,20.7,3.1,0,34.2,185.5,1
234,30.9323,-110.7716,315.3,1.9,1.3,Terra,MODIS,91,6.03,290.5,34.2,N,05:00:00,29/05/2022,29/05/2022 05:00,17.7,13.5,17.7,0,20.7,3.1,0,34.2,185.5,1
235,30.9323,-110.7622,301.2,4.2,1.9,Aqua,MODIS,39,6.03,287.4,47.8,N,10:00:00,29/05/2022,29/05/2022 10:00,21.7,19.7,21.7,0,14.9,5.3,389.1,51.8,192.6,1
236,30.9344,-110.7534,301.3,4.2,1.9,Aqua,MODIS,40,6.03,287.2,47.8,N,10:00:00,29/05/2022,29/05/2022 10:00,21.7,19.7,21.7,0,14.9,5.3,389.1,51.8,192.6,1
237,30.9123,-110.7387,343.8,1.1,1,Terra,MODIS,87,6.03,312.1,37.5,D,17:00:00,29/05/2022,29/05/2022 17:00,29.3,34.5,29.3,0,19.4,7.7,902.5,0,235.4,1
238,30.906,-110.7348,335.3,1.1,1,Terra,MODIS,76,6.03,311.6,20,D,17:00:00,29/05/2022,29/05/2022 17:00,29.3,34.5,29.3,0,19.4,7.7,902.5,0,235.4,1
239,30.9109,-110.7281,327.9,1.1,1,Terra,MODIS,42,6.03,312.8,9.7,D,17:00:00,29/05/2022,29/05/2022 17:00,29.3,34.5,29.3,0,19.4,7.7,902.5,0,235.4,1
240,30.9354,-110.7702,339.4,1.1,1.1,Terra,MODIS,82,6.03,311.3,30.3,D,17:00:00,29/05/2022,29/05/2022 17:00,29.3,34.5,29.3,0,19.4,7.7,902.5,0,235.4,1
241,30.9074,-110.7454,338.5,1.1,1,Terra,MODIS,81,6.03,310.4,26.4,D,17:00:00,29/05/2022,29/05/2022 17:00,29.3,34.5,29.3,0,19.4,7.7,902.5,0,235.4,1
242,30.9312,-110.7882,328.4,1.9,1.4,Aqua,MODIS,31,6.03,313.6,22.9,D,21:00:00,29/05/2022,29/05/2022 21:00,25.2,21.9,25.2,0,22.7,6.4,112.2,0,231.9,1
243,30.9328,-110.7705,336.4,1.9,1.4,Aqua,MODIS,75,6.03,312,56,D,21:00:00,29/05/2022,29/05/2022 21:00,25.2,21.9,25.2,0,22.7,6.4,112.2,0,231.9,1
244,30.9281,-110.7833,332.2,1.9,1.4,Aqua,MODIS,59,6.03,314,35.6,D,21:00:00,29/05/2022,29/05/2022 21:00,25.2,21.9,25.2,0,22.7,6.4,112.2,0,231.9,1
245,30.9297,-110.7661,338.9,1.9,1.4,Aqua,MODIS,81,6.03,311.3,65.2,D,21:00:00,29/05/2022,29/05/2022 21:00,25.2,21.9,25.2,0,22.7,6.4,112.2,0,231.9,1
246,30.9335,-110.7727,302.7,2.2,1.5,Terra,MODIS,51,6.03,289.2,18.6,N,04:00:00,30/05/2022,30/05/2022 04:00,15.4,13.5,15.4,0,39,2,0,0,169.9,1
247,30.9375,-110.7572,300,1.1,1,Aqua,MODIS,10,6.03,285.2,6.7,N,09:00:00,30/05/2022,30/05/2022 09:00,16,15.5,16,0,37.3,2.3,177,0,182.7,1
248,30.9276,-110.7589,334.3,2.6,1.5,Terra,MODIS,79,6.03,304.5,97.1,D,18:00:00,30/05/2022,30/05/2022 18:00,29.6,32.4,29.6,0,10.5,6.3,754.3,0,238.2,1
249,30.935,-110.7616,333.2,2.6,1.5,Terra,MODIS,77,6.03,306,93.1,D,18:00:00,30/05/2022,30/05/2022 18:00,29.6,32.4,29.6,0,10.5,6.3,754.3,0,238.2,1
250,30.9078,-110.7318,303.3,1.2,1.1,Terra,MODIS,52,6.03,290.2,7.5,N,05:00:00,31/05/2022,31/05/2022 05:00,15.8,13.5,15.8,0,33.7,2,0,0,176.9,1
251,30.9053,-110.7391,301,1.2,1.1,Terra,MODIS,30,6.03,288.9,6,N,05:00:00,31/05/2022,31/05/2022 05:00,15.8,13.5,15.8,0,33.7,2,0,0,176.9,1
252,30.9348,-110.765,332.7,1.2,1.1,Aqua,MODIS,38,6.03,318.4,14,D,20:00:00,31/05/2022,31/05/2022 20:00,30.5,29.4,30.5,0,11.7,5.2,331,0,237.4,1
253,30.8983,-110.7333,335.5,1.2,1.1,Aqua,MODIS,70,6.03,317.2,19.4,D,20:00:00,31/05/2022,31/05/2022 20:00,30.5,29.4,30.5,0,11.7,5.2,331,0,237.4,1
254,31.138,-111.0005,367,1,1,Terra,MODIS,100,6.03,323.3,87.2,D,17:00:00,05/06/2022,05/06/2022 17:00,33.1,38.1,33.1,0,7.6,5.4,910.2,83.2,241.8,1
255,31.1366,-110.9899,364.6,1,1,Terra,MODIS,100,6.03,323.1,79.2,D,17:00:00,05/06/2022,05/06/2022 17:00,33.1,38.1,33.1,0,7.6,5.4,910.2,83.2,241.8,1
256,31.1359,-111.0051,331.8,2.3,1.5,Aqua,MODIS,51,6.03,316.3,40.1,D,21:00:00,05/06/2022,05/06/2022 21:00,29.8,26.5,29.8,0,10.4,4.4,122.2,3.3,241,1
257,31.1324,-111.0103,332.6,2.3,1.5,Aqua,MODIS,57,6.03,315.9,42.7,D,21:00:00,05/06/2022,05/06/2022 21:00,29.8,26.5,29.8,0,10.4,4.4,122.2,3.3,241,1
258,31.1227,-111.0046,329.6,2.3,1.5,Aqua,MODIS,38,6.03,314.1,32.4,D,21:00:00,05/06/2022,05/06/2022 21:00,29.8,26.5,29.8,0,10.4,4.4,122.2,3.3,241,1
259,31.1268,-111.007,333.1,1.9,1.3,Aqua,MODIS,47,6.03,317.8,30.3,D,20:00:00,06/06/2022,06/06/2022 20:00,33.6,33.3,33.6,0,12.7,4.5,330,0,246.2,1
260,30.8352,-110.8497,317.4,2.7,1.6,Aqua,MODIS,49,6.03,295.7,33.9,D,20:00:00,16/08/2022,16/08/2022 20:00,26.5,29.4,26.5,0.41,62,1.2,234.6,65.2,262.9,1
261,31.2573,-110.9572,315.1,1.1,1,Terra,MODIS,37,6.03,296.6,7.2,D,18:00:00,22/08/2022,22/08/2022 18:00,24.6,28.4,24.6,0.26,70.4,1.9,280.2,97.4,0.8,1
262,31.2582,-110.9595,318.8,1.3,1.1,Terra,MODIS,30,6.03,301.6,14.2,D,18:00:00,14/09/2022,14/09/2022 18:00,29.8,32.5,29.8,0,25.1,3.9,578.9,23.2,215,1
263,31.2553,-110.9599,300.9,1.2,1.1,Terra,MODIS,20,6.03,286.4,3.7,D,18:00:00,04/11/2022,04/11/2022 18:00,12.3,12.6,12.3,0,28.2,4.1,167.6,0,357.5,1
264,31.1719,-110.9783,308.8,2.9,1.6,Aqua,MODIS,67,6.03,293.4,35.1,D,20:00:00,23/12/2022,23/12/2022 20:00,10.7,10.4,10.7,0,36.5,2.7,0,0,339.7,1
265,30.76418,-111.14091,319.5,2.78,1.59,Aqua,MODIS,71,6.1NRT,305.42,43.13,D,20:00:00,05/02/2023,05/02/2023 20:00,15.5,12.3,15.5,0,18.1,2.6,0,0.6,263.2,1
266,31.25784,-110.96378,301.51,1,1,Terra,MODIS,34,6.1NRT,284.52,3.19,D,17:00:00,03/03/2023,03/03/2023 17:00,14.3,18.2,14.3,0,29.8,2.4,593.5,2,322.4,1
267,31.25376,-110.96315,309.41,1.14,1.07,Terra,MODIS,30,6.1NRT,293.32,4.51,D,18:00:00,08/03/2023,08/03/2023 18:00,20.6,18.5,20.6,0,16,4.7,372.5,97.2,242.3,1
268,30.80585,-110.80849,320.67,1.2,1.09,Aqua,MODIS,61,6.1NRT,308.23,9.03,D,20:00:00,10/03/2023,10/03/2023 20:00,18.8,14.9,18.8,0,27.2,2.7,0,76.4,254.3,1
269,30.80378,-110.82078,322.68,1.2,1.09,Aqua,MODIS,67,6.1NRT,309.15,11.57,D,20:00:00,10/03/2023,10/03/2023 20:00,18.8,14.9,18.8,0,27.2,2.7,0,76.4,254.3,1
270,31.25506,-110.96608,310.94,1.5,1.21,Terra,MODIS,28,6.1NRT,296.58,7.02,D,18:00:00,13/03/2023,13/03/2023 18:00,20.9,19,20.9,0,16.9,5.2,390.1,70.2,285.9,1
271,31.25549,-110.96382,310.33,1.58,1.24,Terra,MODIS,21,6.1NRT,294.16,8.45,D,18:00:00,25/03/2023,25/03/2023 18:00,17,16.6,17,0,14.9,6,446.7,0,252.2,1
272,31.19558,-111.00438,318.69,1.81,1.32,Aqua,MODIS,62,6.1NRT,304.04,22.52,D,20:00:00,26/03/2023,26/03/2023 20:00,14.9,11.9,14.9,0,19.1,3.5,5.2,0,264.5,1
273,31.19202,-111.02257,319.45,1.82,1.32,Aqua,MODIS,64,6.1NRT,303.8,25.87,D,20:00:00,26/03/2023,26/03/2023 20:00,14.9,11.9,14.9,0,19.1,3.5,5.2,0,264.5,1
274,31.25287,-110.96013,313.2,1.65,1.26,Terra,MODIS,8,6.1NRT,299.52,6.9,D,18:00:00,06/04/2023,06/04/2023 18:00,22.4,20.9,22.4,0,9.7,5.1,471.9,43.6,232.1,1
275,30.86131,-111.02903,350.93,1.02,1.01,Aqua,MODIS,94,6.1NRT,313.2,51.62,D,20:00:00,12/04/2023,12/04/2023 20:00,24.3,18.9,24.3,0,12,6.4,31,74.5,213.3,1
276,30.86017,-111.03655,325.02,1.28,1.12,Terra,MODIS,40,6.1NRT,304.45,19.17,D,18:00:00,13/04/2023,13/04/2023 18:00,22.9,21.8,22.9,0,15.9,9.1,477.1,0.5,220.6,1
277,30.862,-111.03918,319.32,4.34,1.92,Aqua,MODIS,41,6.1NRT,304.38,54.26,D,21:00:00,13/04/2023,13/04/2023 21:00,17.4,13.3,17.4,0,27.9,6,0,11.4,220.5,1
278,30.86609,-111.04652,319.9,4.34,1.92,Aqua,MODIS,52,6.1NRT,304.16,61.95,D,21:00:00,13/04/2023,13/04/2023 21:00,17.4,13.3,17.4,0,27.9,6,0,11.4,220.5,1
279,30.84898,-111.04398,318.14,4.34,1.92,Aqua,MODIS,29,6.1NRT,304.43,45.4,D,21:00:00,13/04/2023,13/04/2023 21:00,17.4,13.3,17.4,0,27.9,6,0,11.4,220.5,1
280,31.27183,-110.94106,320.96,1.11,1.05,Aqua,MODIS,28,6.1NRT,302.49,6.86,D,20:00:00,14/04/2023,14/04/2023 20:00,17.8,13.8,17.8,0,24.9,4.7,34.6,0,246.6,1
281,30.8497,-110.83952,319.39,2.97,1.64,Aqua,MODIS,37,6.1NRT,307.05,32.28,D,20:00:00,18/04/2023,18/04/2023 20:00,22.2,16.7,22.2,0,12.7,5.2,40.5,0.7,250.9,1
282,31.25527,-110.96009,322.27,1.06,1.03,Terra,MODIS,51,6.1NRT,303.78,8.44,D,17:00:00,20/04/2023,20/04/2023 17:00,26.3,27.9,26.3,0,5.9,4.5,720.8,0,342.5,1
283,30.8385,-110.85069,321.41,2.99,1.64,Aqua,MODIS,26,6.1NRT,310.52,32.7,D,20:00:00,25/04/2023,25/04/2023 20:00,23.6,18.6,23.6,0,14.7,5.8,51.3,0,245.4,1
284,31.25669,-110.96278,327.74,1.12,1.05,Aqua,MODIS,14,6.1NRT,311.45,8.19,D,20:00:00,28/04/2023,28/04/2023 20:00,27.3,22.7,27.3,0,7.6,3.3,57.7,0,2.9,1
285,31.25194,-110.96336,323.03,1.07,1.03,Terra,MODIS,37,6.1NRT,303.19,9.09,D,17:00:00,02/05/2023,02/05/2023 17:00,26.4,28.5,26.4,0,16,6.9,706.1,7.2,205.9,1
286,31.27543,-110.94411,324.01,1.35,1.15,Terra,MODIS,30,6.1NRT,306.98,10.92,D,18:00:00,19/05/2023,19/05/2023 18:00,27.8,26.4,27.8,0,14.8,4.8,317.1,72.1,216.1,1
287,31.25788,-110.96289,326.5,1.35,1.15,Terra,MODIS,17,6.1NRT,305.73,14.88,D,18:00:00,19/05/2023,19/05/2023 18:00,27.8,26.4,27.8,0,14.8,4.8,317.1,72.1,216.1,1
288,31.25981,-110.96827,322.2,1.35,1.15,Terra,MODIS,39,6.1NRT,305.74,9.33,D,18:00:00,19/05/2023,19/05/2023 18:00,27.8,26.4,27.8,0,14.8,4.8,317.1,72.1,216.1,1
289,31.27665,-110.93757,326.44,1.36,1.15,Terra,MODIS,36,6.1NRT,306.53,14.56,D,18:00:00,31/05/2023,31/05/2023 18:00,26.5,26.6,26.5,0,12.1,8.9,552,0,229.2,1
290,30.81776,-111.13631,312.35,3.85,1.83,Terra,MODIS,85,6.1NRT,290.52,83.42,N,05:00:00,07/06/2023,07/06/2023 05:00,15.2,13.8,15.2,0,46.9,2,0,0,149.8,1
291,30.8241,-111.17134,314.23,3.82,1.83,Terra,MODIS,89,6.1NRT,291.08,89.34,N,05:00:00,07/06/2023,07/06/2023 05:00,15.2,13.8,15.2,0,46.9,2,0,0,149.8,1
292,30.8155,-111.1758,319.16,3.82,1.83,Terra,MODIS,98,6.1NRT,291.44,122.65,N,05:00:00,07/06/2023,07/06/2023 05:00,15.2,13.8,15.2,0,46.9,2,0,0,149.8,1
293,30.82662,-111.1319,305.71,3.85,1.83,Terra,MODIS,65,6.1NRT,290.24,47.73,N,05:00:00,07/06/2023,07/06/2023 05:00,15.2,13.8,15.2,0,46.9,2,0,0,149.8,1
294,30.80787,-111.16985,307.94,3.82,1.83,Terra,MODIS,73,6.1NRT,291.21,58.06,N,05:00:00,07/06/2023,07/06/2023 05:00,15.2,13.8,15.2,0,46.9,2,0,0,149.8,1
295,30.82966,-111.14302,336.8,1.08,1.04,Terra,MODIS,59,6.1NRT,316.77,15.59,D,17:00:00,07/06/2023,07/06/2023 17:00,29.4,32.3,29.4,0,10.5,5.5,759.3,0.2,225.4,1
296,30.84052,-111.15208,362.85,1.08,1.04,Terra,MODIS,100,6.1NRT,319.65,77.84,D,17:00:00,07/06/2023,07/06/2023 17:00,29.4,32.3,29.4,0,10.5,5.5,759.3,0.2,225.4,1
297,30.84787,-111.13919,344.19,1.08,1.04,Terra,MODIS,73,6.1NRT,316.31,31.17,D,17:00:00,07/06/2023,07/06/2023 17:00,29.4,32.3,29.4,0,10.5,5.5,759.3,0.2,225.4,1
298,30.84962,-111.15018,358.13,1.08,1.04,Terra,MODIS,98,6.1NRT,318.86,65.01,D,17:00:00,07/06/2023,07/06/2023 17:00,29.4,32.3,29.4,0,10.5,5.5,759.3,0.2,225.4,1
299,30.82225,-111.13672,345.02,1,1,Aqua,MODIS,51,6.1NRT,321,23.34,D,20:00:00,07/06/2023,07/06/2023 20:00,26.5,23.2,26.5,0,16.9,5,123.4,5.1,250.7,1
300,30.868,-111.13515,340.03,1,1,Aqua,MODIS,46,6.1NRT,316.71,19.23,D,20:00:00,07/06/2023,07/06/2023 20:00,26.5,23.2,26.5,0,16.9,5,123.4,5.1,250.7,1
301,30.8547,-111.16422,344.53,1,1,Aqua,MODIS,65,6.1NRT,316.25,24.1,D,20:00:00,07/06/2023,07/06/2023 20:00,26.5,23.2,26.5,0,16.9,5,123.4,5.1,250.7,1
302,30.8311,-111.13846,344.74,1,1,Aqua,MODIS,42,6.1NRT,319.58,21.21,D,20:00:00,07/06/2023,07/06/2023 20:00,26.5,23.2,26.5,0,16.9,5,123.4,5.1,250.7,1
303,31.27308,-110.94389,328.95,1.35,1.15,Terra,MODIS,73,6.1NRT,307.5,18.15,D,18:00:00,12/06/2023,12/06/2023 18:00,27.6,28.3,27.6,0,11,6,570.9,0,233.2,1
304,31.27311,-110.9359,328.22,1.36,1.15,Terra,MODIS,38,6.1NRT,307.68,16.99,D,18:00:00,12/06/2023,12/06/2023 18:00,27.6,28.3,27.6,0,11,6,570.9,0,233.2,1
305,30.74739,-110.77004,302.55,2.93,1.63,Terra,MODIS,26,6.1NRT,291.96,22.76,N,05:00:00,14/06/2023,14/06/2023 05:00,17.9,17,17.9,0,48.5,0.6,0,0,155.8,1
306,30.74083,-110.74421,300.06,1.65,1.26,Aqua,MODIS,12,6.1NRT,287.85,9.95,N,09:00:00,14/06/2023,14/06/2023 09:00,21.4,21.7,21.4,0,27.9,1.7,395.5,0,174.7,1
307,30.75493,-110.76478,330.88,1,1,Terra,MODIS,54,6.1NRT,313.66,12.74,D,17:00:00,14/06/2023,14/06/2023 17:00,32.7,36,32.7,0,6.7,6.9,764.4,0,232.5,1
308,30.74195,-110.77765,338.17,1,1,Aqua,MODIS,62,6.1NRT,319.71,15.09,D,20:00:00,14/06/2023,14/06/2023 20:00,28.8,25.4,28.8,0,11.5,6.3,133.8,0,233.5,1
309,30.7552,-110.74864,336.44,1,1,Aqua,MODIS,64,6.1NRT,317.87,15.74,D,20:00:00,14/06/2023,14/06/2023 20:00,28.8,25.4,28.8,0,11.5,6.3,133.8,0,233.5,1
310,30.75227,-110.76912,341.53,1,1,Aqua,MODIS,62,6.1NRT,320.56,20.59,D,20:00:00,14/06/2023,14/06/2023 20:00,28.8,25.4,28.8,0,11.5,6.3,133.8,0,233.5,1
311,30.7586,-110.74254,329.05,1.62,1.25,Terra,MODIS,100,6.1NRT,295.71,52.33,N,04:00:00,15/06/2023,15/06/2023 04:00,16.7,13.4,16.7,0,23,1.9,0,0.2,168.4,1
312,30.74758,-110.74058,305.99,1.62,1.25,Terra,MODIS,38,6.1NRT,293.91,10.07,N,04:00:00,15/06/2023,15/06/2023 04:00,16.7,13.4,16.7,0,23,1.9,0,0.2,168.4,1
313,30.76131,-110.7277,305.19,1.61,1.25,Terra,MODIS,21,6.1NRT,295.03,8.99,N,04:00:00,15/06/2023,15/06/2023 04:00,16.7,13.4,16.7,0,23,1.9,0,0.2,168.4,1
314,30.75897,-110.71931,327.71,3.66,1.79,Terra,MODIS,68,6.1NRT,307.75,93.19,D,18:00:00,15/06/2023,15/06/2023 18:00,31.6,32.5,31.6,0,5.7,6.6,561.6,2,235.3,1
315,30.76541,-110.72408,326.81,3.66,1.79,Terra,MODIS,65,6.1NRT,306.9,84.36,D,18:00:00,15/06/2023,15/06/2023 18:00,31.6,32.5,31.6,0,5.7,6.6,561.6,2,235.3,1
316,30.76756,-110.75616,325.02,3.64,1.79,Terra,MODIS,60,6.1NRT,307.63,65.85,D,18:00:00,15/06/2023,15/06/2023 18:00,31.6,32.5,31.6,0,5.7,6.6,561.6,2,235.3,1
317,30.77285,-110.75562,327.05,3.82,1.83,Aqua,MODIS,46,6.1NRT,310.55,58.71,D,21:00:00,15/06/2023,15/06/2023 21:00,27.1,21.9,27.1,0,8.6,3.9,0,0.4,218.1,1
318,30.76448,-110.74802,331.94,3.82,1.83,Aqua,MODIS,71,6.1NRT,310.5,103.73,D,21:00:00,15/06/2023,15/06/2023 21:00,27.1,21.9,27.1,0,8.6,3.9,0,0.4,218.1,1
319,30.75642,-110.75625,327.6,3.82,1.83,Aqua,MODIS,37,6.1NRT,311.13,59.76,D,21:00:00,15/06/2023,15/06/2023 21:00,27.1,21.9,27.1,0,8.6,3.9,0,0.4,218.1,1
320,30.73947,-110.78564,306.62,1.53,1.22,Terra,MODIS,64,6.1NRT,295,10.31,N,05:00:00,16/06/2023,16/06/2023 05:00,19.4,14.1,19.4,0.14,13.5,2.5,0,84,175.3,1
321,30.74956,-110.78619,310.44,1.07,1.03,Aqua,MODIS,69,6.1NRT,292.58,11.33,N,09:00:00,16/06/2023,16/06/2023 09:00,25.7,24.3,25.7,0,12.9,4.2,375.4,28.5,193.4,1
322,30.74785,-110.77572,313.54,1.07,1.03,Aqua,MODIS,87,6.1NRT,287.76,14.11,N,09:00:00,16/06/2023,16/06/2023 09:00,25.7,24.3,25.7,0,12.9,4.2,375.4,28.5,193.4,1
323,31.27612,-110.93397,334.52,1.35,1.15,Terra,MODIS,67,6.1NRT,312.1,20.94,D,18:00:00,24/06/2023,24/06/2023 18:00,36.3,38.4,36.3,0,6.9,6,558.9,1.3,249.5,1
324,31.2684,-110.93934,335.43,1.33,1.14,Aqua,MODIS,63,6.1NRT,319.4,15.1,D,20:00:00,30/06/2023,30/06/2023 20:00,33.8,31,33.8,0,5.6,4.2,145,0,244,1
325,31.21906,-110.91372,337.65,1.1,1.04,Terra,MODIS,76,6.1NRT,316.25,19.1,D,17:00:00,03/07/2023,03/07/2023 17:00,37.7,39.5,37.7,0,7.7,4,503.8,52.5,341.3,1
326,31.2205,-110.92505,342.44,1.1,1.05,Terra,MODIS,83,6.1NRT,316.68,27.25,D,17:00:00,03/07/2023,03/07/2023 17:00,37.7,39.5,37.7,0,7.7,4,503.8,52.5,341.3,1
327,31.27612,-110.93904,335.94,1.33,1.14,Terra,MODIS,66,6.1NRT,314.22,20.84,D,18:00:00,06/07/2023,06/07/2023 18:00,38.4,41,38.4,0,12.5,3.8,523.4,13.7,255.1,1
328,30.81888,-111.23656,341.08,1.07,1.03,Aqua,MODIS,78,6.1NRT,320.49,13.92,D,21:00:00,17/07/2023,17/07/2023 21:00,30.8,29.2,30.8,0.12,37.9,2.8,0,99.8,321.9,1
329,31.25322,-110.95888,325.93,1.06,1.03,Terra,MODIS,26,6.1NRT,306.86,11.12,D,17:00:00,25/07/2023,25/07/2023 17:00,37.3,39.9,37.3,0.26,16.6,3.2,512.1,60.3,234.7,1
330,31.27689,-110.93602,332.52,1.06,1.03,Terra,MODIS,48,6.1NRT,307.81,15.95,D,17:00:00,25/07/2023,25/07/2023 17:00,37.3,39.9,37.3,0.26,16.6,3.2,512.1,60.3,234.7,1
331,31.27674,-110.93672,330.42,1.05,1.03,Terra,MODIS,42,6.1NRT,309.82,10.11,D,17:00:00,06/08/2023,06/08/2023 17:00,36.6,40.5,36.6,0,26.7,2.9,557.2,52.9,282.6,1
332,31.25312,-110.96414,328.22,1.05,1.02,Terra,MODIS,35,6.1NRT,308.11,7.37,D,17:00:00,06/08/2023,06/08/2023 17:00,36.6,40.5,36.6,0,26.7,2.9,557.2,52.9,282.6,1
333,31.25679,-110.97062,332.86,1.15,1.07,Aqua,MODIS,58,6.1NRT,311.45,10.45,D,20:00:00,09/08/2023,09/08/2023 20:00,32.7,30.7,32.7,0,22.9,5,78.1,19.7,261.5,1
334,30.76833,-110.82844,339.39,1.06,1.03,Aqua,MODIS,82,6.1NRT,309.62,25.87,D,20:00:00,11/09/2023,11/09/2023 20:00,24.1,24.7,24.1,0.07,71.7,4.1,1.3,76.9,138.3,1
335,30.85365,-110.96088,326.03,1.16,1.07,Terra,MODIS,65,6.1NRT,305.62,16.85,D,17:00:00,13/09/2023,13/09/2023 17:00,30.7,32.4,30.7,0,26.5,5.9,449.9,56.5,253.2,1
336,30.83718,-110.97006,314.95,1.07,1.03,Terra,MODIS,90,6.1NRT,294.15,13.08,N,05:00:00,15/09/2023,15/09/2023 05:00,18.7,16.7,18.7,0,42.1,1.3,0,0,161.2,1
337,30.83632,-110.96177,324.29,2.08,1.4,Terra,MODIS,65,6.1NRT,311.2,23.7,D,17:00:00,15/09/2023,15/09/2023 17:00,33.1,35.3,33.1,0,10.8,4.3,606.1,0,248,1
338,30.82725,-110.97468,323.8,1.24,1.11,Terra,MODIS,62,6.1NRT,305.92,13.07,D,17:00:00,16/09/2023,16/09/2023 17:00,34,35.9,34,0,10,3.7,568.2,99.9,226.7,1
339,30.85721,-110.97426,307.49,1.11,1.05,Terra,MODIS,72,6.1NRT,294.37,8.36,N,04:00:00,17/09/2023,17/09/2023 04:00,18.8,15.9,18.8,0,34.7,1.7,0,20.5,156.4,1
340,30.85611,-110.97034,324.75,4.05,1.87,Terra,MODIS,72,6.1NRT,305.16,83.5,D,17:00:00,17/09/2023,17/09/2023 17:00,33.8,36.2,33.8,0,13.3,5.9,593.8,0.1,204.8,1
341,30.86177,-110.96307,320.86,4.05,1.87,Terra,MODIS,63,6.1NRT,304.59,54.88,D,17:00:00,17/09/2023,17/09/2023 17:00,33.8,36.2,33.8,0,13.3,5.9,593.8,0.1,204.8,1
342,30.87194,-110.9505,302.54,1.18,1.08,Aqua,MODIS,38,6.1NRT,291.57,6.11,N,09:00:00,18/09/2023,18/09/2023 09:00,22.1,21.5,22.1,0,36.2,2.4,236.1,0,165.3,1
343,30.83261,-110.9352,327.43,1.01,1.01,Terra,MODIS,69,6.1NRT,312.01,10.2,D,17:00:00,18/09/2023,18/09/2023 17:00,32.6,35.2,32.6,0,18.5,6.4,579.7,0,228.9,1
344,30.87088,-110.94928,325.13,1.01,1.01,Terra,MODIS,38,6.1NRT,311.21,7.58,D,17:00:00,18/09/2023,18/09/2023 17:00,32.6,35.2,32.6,0,18.5,6.4,579.7,0,228.9,1
345,30.87231,-110.95957,328,1.01,1.01,Terra,MODIS,41,6.1NRT,310.83,10.62,D,17:00:00,18/09/2023,18/09/2023 17:00,32.6,35.2,32.6,0,18.5,6.4,579.7,0,228.9,1
346,30.87372,-110.96976,332.39,1.01,1.01,Terra,MODIS,53,6.1NRT,310.45,16.52,D,17:00:00,18/09/2023,18/09/2023 17:00,32.6,35.2,32.6,0,18.5,6.4,579.7,0,228.9,1
347,30.86989,-110.97072,340.26,1.12,1.05,Aqua,MODIS,81,6.1NRT,311.89,32.79,D,20:00:00,18/09/2023,18/09/2023 20:00,28.3,24.7,28.3,0,22.6,4.2,0,0,240.5,1
348,30.81045,-110.98147,324.69,1.12,1.05,Aqua,MODIS,11,6.1NRT,312.54,9.75,D,20:00:00,18/09/2023,18/09/2023 20:00,28.3,24.7,28.3,0,22.6,4.2,0,0,240.5,1
349,30.86238,-110.95789,332.71,1.12,1.05,Aqua,MODIS,74,6.1NRT,314.83,19.42,D,20:00:00,18/09/2023,18/09/2023 20:00,28.3,24.7,28.3,0,22.6,4.2,0,0,240.5,1
350,30.87167,-110.95984,333.47,1.12,1.05,Aqua,MODIS,56,6.1NRT,312,19.62,D,20:00:00,18/09/2023,18/09/2023 20:00,28.3,24.7,28.3,0,22.6,4.2,0,0,240.5,1
351,30.87224,-110.97795,305.98,1.9,1.35,Terra,MODIS,66,6.1NRT,293.75,15.5,N,04:00:00,19/09/2023,19/09/2023 04:00,18.1,16.7,18.1,0,51.6,1.7,0,0,156.5,1
352,30.87553,-110.96106,307.48,1.89,1.34,Terra,MODIS,72,6.1NRT,294.86,17.37,N,04:00:00,19/09/2023,19/09/2023 04:00,18.1,16.7,18.1,0,51.6,1.7,0,0,156.5,1
